Model,Eğitim Süresi (s),Eğitim RMSE,Test RMSE,Test MAE,Test R²,CV RMSE
Random Forest,16.68931293487549,0.1868462779262328,0.4962062159428304,0.328408438493217,0.8052600847614572,0.5058066075409182
Optimized Random Forest,37.964282751083374,0.2322894418452988,0.5033313884975221,0.3401806814429688,0.7996272747909408,0.5048231904539405
Optimized Random Forest,31.196457147598267,0.23228944184529887,0.5033313884975221,0.34018068144296887,0.7996272747909408,0.5048231904539405
Gradient Boosting,9.03025197982788,0.4951178200021478,0.5246978190988454,0.3615457286712841,0.7822545473466701,0.5210061272459973
Lineer Regresyon,0.0074532032012939,0.6268409140222254,0.6418684637621941,0.4708736256846506,0.6741463028324288,0.6276348485967699
Ridge Regresyon,0.0056140422821044,0.6268409782591498,0.6418701606441587,0.470870711324356,0.6741445799374,0.6276334316092615
Lasso Regresyon,0.0341169834136962,0.7387033238963832,0.7490194429174856,0.5677619372456856,0.5562720776426959,0.7390036228816476
